epoch,step,train/cardinality_error,train/cardinality_error_0,train/cardinality_error_1,train/cardinality_error_enc,train/class_error,train/loss,train/loss_bbox,train/loss_bbox_aux,train/loss_ce,train/loss_ce_aux,train/loss_giou,train/loss_giou_aux,train/lr,train/lr_max,train/lr_min,val/F1,val/ema_mAP_50,val/ema_mAP_50_95,val/ema_mAP_75,val/ema_mAR,val/mAP_50,val/mAP_50_95,val/mAP_75,val/mAR,val/precision,val/recall
0,49,,,,,,,,,,,,,9.999999747378752e-05,9.999999747378752e-05,3.232564267818816e-06,,,,,,,,,,,
0,99,,,,,,,,,,,,,9.999999747378752e-05,9.999999747378752e-05,3.232564267818816e-06,,,,,,,,,,,
0,116,,,,,,,,,,,,,,,,0.6850998401641846,0.7021498680114746,0.43523120880126953,0.4627872407436371,0.7003030180931091,0.7021498680114746,0.43523120880126953,0.4627872407436371,0.7003030180931091,0.6947040557861328,0.6757575869560242
0,116,9.476495742797852,3.8440170288085938,7.86965799331665,3.115384578704834,29.01383399963379,7.605489253997803,0.07243151217699051,0.22491243481636047,0.9542511105537415,3.19646954536438,0.24260440468788147,0.7414228916168213,,,,,,,,,,,,,,
1,149,,,,,,,,,,,,,9.999999747378752e-05,9.999999747378752e-05,3.232564267818816e-06,,,,,,,,,,,
1,199,,,,,,,,,,,,,9.999999747378752e-05,9.999999747378752e-05,3.232564267818816e-06,,,,,,,,,,,
1,233,,,,,,,,,,,,,,,,0.7512521147727966,0.78453129529953,0.5028101205825806,0.5601724982261658,0.7099999785423279,0.78453129529953,0.5028101205825806,0.5601724982261658,0.7099999785423279,0.8364312052726746,0.6818181872367859
1,233,20.423076629638672,16.230770111083984,19.86111068725586,13.741453170776367,0.0367080494761467,5.78851318359375,0.054161157459020615,0.18089792132377625,0.6933322548866272,2.3977558612823486,0.1789303869009018,0.5821349024772644,,,,,,,,,,,,,,
2,249,,,,,,,,,,,,,9.999999747378752e-05,9.999999747378752e-05,3.232564267818816e-06,,,,,,,,,,,
2,299,,,,,,,,,,,,,9.999999747378752e-05,9.999999747378752e-05,3.232564267818816e-06,,,,,,,,,,,
2,349,,,,,,,,,,,,,9.999999747378752e-05,9.999999747378752e-05,3.232564267818816e-06,,,,,,,,,,,
2,350,,,,,,,,,,,,,,,,0.7633587718009949,0.7964750528335571,0.522106409072876,0.5665609836578369,0.710303008556366,0.7964750528335571,0.522106409072876,0.5665609836578369,0.710303008556366,0.7692307829856873,0.7575757503509521
2,350,21.824787139892578,19.871795654296875,21.2243595123291,19.46581268310547,0.006574435159564018,5.394777774810791,0.05381142720580101,0.17821134626865387,0.6352812647819519,2.1263480186462402,0.17398415505886078,0.5625324249267578,,,,,,,,,,,,,,
3,399,,,,,,,,,,,,,9.999999747378752e-05,9.999999747378752e-05,3.232564267818816e-06,,,,,,,,,,,
3,449,,,,,,,,,,,,,9.999999747378752e-05,9.999999747378752e-05,3.232564267818816e-06,,,,,,,,,,,
3,467,,,,,,,,,,,,,,,,0.7804107666015625,0.8024477362632751,0.5316835045814514,0.5954294204711914,0.7136363387107849,0.8024477362632751,0.5316835045814514,0.5954294204711914,0.7136363387107849,0.8151814937591553,0.7484848499298096
3,467,22.790597915649414,21.260683059692383,23.047008514404297,22.574787139892578,0.0065744188614189625,5.0158257484436035,0.048817820847034454,0.17261956632137299,0.5882084965705872,1.909927487373352,0.16328799724578857,0.541964590549469,,,,,,,,,,,,,,
4,499,,,,,,,,,,,,,9.999999747378752e-05,9.999999747378752e-05,3.232564267818816e-06,,,,,,,,,,,
4,549,,,,,,,,,,,,,9.999999747378752e-05,9.999999747378752e-05,3.232564267818816e-06,,,,,,,,,,,
4,584,,,,,,,,,,,,,,,,0.8013029098510742,0.8187885880470276,0.5459453463554382,0.6044667959213257,0.7154545187950134,0.8187885880470276,0.5459453463554382,0.6044667959213257,0.7154545187950134,0.8661971688270569,0.7454545497894287
4,584,24.741453170776367,23.10897445678711,24.427350997924805,23.33760643005371,0.036160215735435486,4.696459770202637,0.045462850481271744,0.1645490527153015,0.5416897535324097,1.7658034563064575,0.154916912317276,0.5145353078842163,,,,,,,,,,,,,,
5,599,,,,,,,,,,,,,9.999999747378752e-05,9.999999747378752e-05,3.232564267818816e-06,,,,,,,,,,,
5,649,,,,,,,,,,,,,9.999999747378752e-05,9.999999747378752e-05,3.232564267818816e-06,,,,,,,,,,,
5,699,,,,,,,,,,,,,9.999999747378752e-05,9.999999747378752e-05,3.232564267818816e-06,,,,,,,,,,,
5,701,,,,,,,,,,,,,,,,0.805111825466156,0.831917941570282,0.5505164265632629,0.5880137085914612,0.7196969985961914,0.831917941570282,0.5505164265632629,0.5880137085914612,0.7196969985961914,0.8513513803482056,0.7636363506317139
5,701,24.0256404876709,23.10683822631836,24.096153259277344,24.081195831298828,0.004108917899429798,4.557254791259766,0.0428122878074646,0.1523236483335495,0.5372793674468994,1.740626573562622,0.15226170420646667,0.49957385659217834,,,,,,,,,,,,,,
6,749,,,,,,,,,,,,,9.999999747378752e-05,9.999999747378752e-05,3.232564267818816e-06,,,,,,,,,,,
6,799,,,,,,,,,,,,,9.999999747378752e-05,9.999999747378752e-05,3.232564267818816e-06,,,,,,,,,,,
6,818,,,,,,,,,,,,,,,,0.8105436563491821,0.8345134854316711,0.5598166584968567,0.613365113735199,0.7227272987365723,0.8345134854316711,0.5598166584968567,0.613365113735199,0.7227272987365723,0.8880866169929504,0.7454545497894287
6,818,25.405982971191406,23.628204345703125,25.14316177368164,24.239316940307617,0.005204698070883751,4.4567108154296875,0.04155389964580536,0.15293946862220764,0.5121062994003296,1.6741024255752563,0.14889290928840637,0.5001242160797119,,,,,,,,,,,,,,
7,849,,,,,,,,,,,,,9.999999747378752e-05,9.999999747378752e-05,3.232564267818816e-06,,,,,,,,,,,
7,899,,,,,,,,,,,,,9.999999747378752e-05,9.999999747378752e-05,3.232564267818816e-06,,,,,,,,,,,
7,935,,,,,,,,,,,,,,,,0.8155339956283569,0.8365936279296875,0.5631427764892578,0.6188651323318481,0.7278788089752197,0.8365936279296875,0.5631427764892578,0.6188651323318481,0.7278788089752197,0.875,0.7636363506317139
7,935,25.418804168701172,23.58974266052246,25.232906341552734,24.13888931274414,0.0054786549881100655,4.422348499298096,0.0418270118534565,0.15254426002502441,0.5047622323036194,1.677366852760315,0.1450982242822647,0.48908334970474243,,,,,,,,,,,,,,
8,949,,,,,,,,,,,,,9.999999747378752e-05,9.999999747378752e-05,3.232564267818816e-06,,,,,,,,,,,
8,999,,,,,,,,,,,,,9.999999747378752e-05,9.999999747378752e-05,3.232564267818816e-06,,,,,,,,,,,
8,1049,,,,,,,,,,,,,9.999999747378752e-05,9.999999747378752e-05,3.232564267818816e-06,,,,,,,,,,,
8,1052,,,,,,,,,,,,,,,,0.8227642178535461,0.8313561081886292,0.5611802935600281,0.6068355441093445,0.7300000190734863,0.8313561081886292,0.5611802935600281,0.6068355441093445,0.7300000190734863,0.8877192735671997,0.7666666507720947
8,1052,26.104700088500977,25.123931884765625,26.079059600830078,26.10897445678711,-1.9562550335194828e-07,4.2716498374938965,0.04033425822854042,0.14516186714172363,0.4884963035583496,1.601379156112671,0.14495356380939484,0.4821939468383789,,,,,,,,,,,,,,
9,1099,,,,,,,,,,,,,9.999999747378752e-05,9.999999747378752e-05,3.232564267818816e-06,,,,,,,,,,,
9,1149,,,,,,,,,,,,,9.999999747378752e-05,9.999999747378752e-05,3.232564267818816e-06,,,,,,,,,,,
9,1169,,,,,,,,,,,,,,,,0.8114104866981506,0.8346588015556335,0.5594885945320129,0.5994943976402283,0.732424259185791,0.8346588015556335,0.5594885945320129,0.5994943976402283,0.732424259185791,0.8504983186721802,0.7757575511932373
9,1169,27.269229888916016,25.850427627563477,26.989316940307617,25.867521286010742,0.003081655828282237,4.245136737823486,0.04085647314786911,0.15079092979431152,0.47468483448028564,1.5655300617218018,0.14299336075782776,0.4803488552570343,,,,,,,,,,,,,,
10,1199,,,,,,,,,,,,,9.999999747378752e-05,9.999999747378752e-05,3.232564267818816e-06,,,,,,,,,,,
10,1249,,,,,,,,,,,,,9.999999747378752e-05,9.999999747378752e-05,3.232564267818816e-06,,,,,,,,,,,
10,1286,,,,,,,,,,,,,,,,0.8176100850105286,0.8312732577323914,0.5609591007232666,0.6021581888198853,0.7230303287506104,0.8312732577323914,0.5609591007232666,0.6021581888198853,0.7230303287506104,0.8496732115745544,0.7878788113594055
10,1286,26.7286319732666,24.540597915649414,26.626068115234375,26.450855255126953,0.009861676953732967,4.2186102867126465,0.03874994441866875,0.1486906111240387,0.4729512929916382,1.5790090560913086,0.13867010176181793,0.4760523736476898,,,,,,,,,,,,,,
11,1299,,,,,,,,,,,,,9.999999747378752e-05,9.999999747378752e-05,3.232564267818816e-06,,,,,,,,,,,
11,1349,,,,,,,,,,,,,9.999999747378752e-05,9.999999747378752e-05,3.232564267818816e-06,,,,,,,,,,,
11,1399,,,,,,,,,,,,,9.999999747378752e-05,9.999999747378752e-05,3.232564267818816e-06,,,,,,,,,,,
11,1403,,,,,,,,,,,,,,,,0.8184713125228882,0.8319540619850159,0.5605427026748657,0.5944915413856506,0.7227272987365723,0.8319540619850159,0.5605427026748657,0.5944915413856506,0.7227272987365723,0.8624160885810852,0.7787878513336182
11,1403,27.69871711730957,25.97222137451172,27.461538314819336,26.786325454711914,0.004930740687996149,4.030770778656006,0.03848560154438019,0.1399534046649933,0.4482516348361969,1.5052436590194702,0.1355735957622528,0.4569675922393799,,,,,,,,,,,,,,
12,1449,,,,,,,,,,,,,9.999999747378752e-05,9.999999747378752e-05,3.232564267818816e-06,,,,,,,,,,,
12,1499,,,,,,,,,,,,,9.999999747378752e-05,9.999999747378752e-05,3.232564267818816e-06,,,,,,,,,,,
12,1520,,,,,,,,,,,,,,,,0.8239095211029053,0.8382126092910767,0.562038242816925,0.6009193062782288,0.7224242687225342,0.8382126092910767,0.562038242816925,0.6009193062782288,0.7224242687225342,0.8823529481887817,0.7727272510528564
12,1520,27.02777862548828,25.982906341552734,26.884614944458008,26.844017028808594,0.009861709550023079,3.908665180206299,0.035558369010686874,0.13355347514152527,0.4457743763923645,1.4624247550964355,0.13137958943843842,0.4460744559764862,,,,,,,,,,,,,,
13,1549,,,,,,,,,,,,,9.999999747378752e-05,9.999999747378752e-05,3.232564267818816e-06,,,,,,,,,,,
13,1599,,,,,,,,,,,,,9.999999747378752e-05,9.999999747378752e-05,3.232564267818816e-06,,,,,,,,,,,
13,1637,,,,,,,,,,,,,,,,0.8244766592979431,0.8422868251800537,0.5658133625984192,0.6101378202438354,0.7224242687225342,0.8422868251800537,0.5658133625984192,0.6101378202438354,0.7224242687225342,0.8797250986099243,0.7757575511932373
13,1637,28.615385055541992,27.41666603088379,28.514957427978516,27.438034057617188,-2.445318898480764e-07,3.8120944499969482,0.03553566336631775,0.1335662305355072,0.4172941744327545,1.3891528844833374,0.13209809362888336,0.44797173142433167,,,,,,,,,,,,,,
14,1649,,,,,,,,,,,,,9.999999747378752e-05,9.999999747378752e-05,3.232564267818816e-06,,,,,,,,,,,
14,1699,,,,,,,,,,,,,9.999999747378752e-05,9.999999747378752e-05,3.232564267818816e-06,,,,,,,,,,,
14,1749,,,,,,,,,,,,,9.999999747378752e-05,9.999999747378752e-05,3.232564267818816e-06,,,,,,,,,,,
14,1754,,,,,,,,,,,,,,,,0.8261563181877136,0.8458104133605957,0.5697329640388489,0.5982997417449951,0.7163636088371277,0.8458104133605957,0.5697329640388489,0.5982997417449951,0.7163636088371277,0.872053861618042,0.7848485112190247
14,1754,27.80769157409668,26.651708602905273,27.519229888916016,27.405982971191406,-2.445318898480764e-07,3.814073085784912,0.035919785499572754,0.12454986572265625,0.44860541820526123,1.4413212537765503,0.13107071816921234,0.42982783913612366,,,,,,,,,,,,,,
15,1799,,,,,,,,,,,,,9.999999747378752e-05,9.999999747378752e-05,3.232564267818816e-06,,,,,,,,,,,
15,1849,,,,,,,,,,,,,9.999999747378752e-05,9.999999747378752e-05,3.232564267818816e-06,,,,,,,,,,,
15,1871,,,,,,,,,,,,,,,,0.8212560415267944,0.8404421806335449,0.5674842000007629,0.6027176380157471,0.7157575488090515,0.8404421806335449,0.5674842000007629,0.6027176380157471,0.7157575488090515,0.876288652420044,0.7727272510528564
15,1871,29.183761596679688,27.700855255126953,28.80769157409668,28.309829711914062,0.21367499232292175,3.6985769271850586,0.03446592763066292,0.12878690659999847,0.41022977232933044,1.3527333736419678,0.1288292407989502,0.43084388971328735,,,,,,,,,,,,,,
16,1899,,,,,,,,,,,,,9.999999747378752e-05,9.999999747378752e-05,3.232564267818816e-06,,,,,,,,,,,
16,1949,,,,,,,,,,,,,9.999999747378752e-05,9.999999747378752e-05,3.232564267818816e-06,,,,,,,,,,,
16,1988,,,,,,,,,,,,,,,,0.8280254602432251,0.8400010466575623,0.5646500587463379,0.6001448035240173,0.7172726988792419,0.8400010466575623,0.5646500587463379,0.6001448035240173,0.7172726988792419,0.8724831938743591,0.7878788113594055
16,1988,28.83333396911621,27.28205108642578,28.732906341552734,27.995725631713867,-2.445318898480764e-07,3.668856620788574,0.03390508517622948,0.12569160759449005,0.4091024398803711,1.3568775653839111,0.12617391347885132,0.4262722134590149,,,,,,,,,,,,,,
17,1999,,,,,,,,,,,,,9.999999747378752e-05,9.999999747378752e-05,3.232564267818816e-06,,,,,,,,,,,
17,2049,,,,,,,,,,,,,9.999999747378752e-05,9.999999747378752e-05,3.232564267818816e-06,,,,,,,,,,,
17,2099,,,,,,,,,,,,,9.999999747378752e-05,9.999999747378752e-05,3.232564267818816e-06,,,,,,,,,,,
17,2105,,,,,,,,,,,,,,,,0.8186046481132507,0.835311770439148,0.5685453414916992,0.613162636756897,0.7184848189353943,0.835311770439148,0.5685453414916992,0.613162636756897,0.7184848189353943,0.8380952477455139,0.800000011920929
17,2105,29.012821197509766,27.94230842590332,28.908119201660156,28.69871711730957,-1.9562550335194828e-07,3.5429208278656006,0.03142089396715164,0.11786631494760513,0.40181905031204224,1.3352547883987427,0.12121470272541046,0.40848949551582336,,,,,,,,,,,,,,
18,2149,,,,,,,,,,,,,9.999999747378752e-05,9.999999747378752e-05,3.232564267818816e-06,,,,,,,,,,,
18,2199,,,,,,,,,,,,,9.999999747378752e-05,9.999999747378752e-05,3.232564267818816e-06,,,,,,,,,,,
18,2222,,,,,,,,,,,,,,,,0.8110749125480652,0.829500675201416,0.5636494159698486,0.5997901558876038,0.7163636088371277,0.829500675201416,0.5636494159698486,0.5997901558876038,0.7163636088371277,0.8767605423927307,0.7545454502105713
18,2222,29.80341911315918,28.58974266052246,29.711538314819336,29.232906341552734,-2.119276274470394e-07,3.49456787109375,0.03159540146589279,0.117230124771595,0.39008986949920654,1.301416277885437,0.12098553776741028,0.4084811210632324,,,,,,,,,,,,,,
19,2249,,,,,,,,,,,,,9.999999747378752e-05,9.999999747378752e-05,3.232564267818816e-06,,,,,,,,,,,
19,2299,,,,,,,,,,,,,9.999999747378752e-05,9.999999747378752e-05,3.232564267818816e-06,,,,,,,,,,,
19,2339,,,,,,,,,,,,,,,,0.8206785321235657,0.8347022533416748,0.56894850730896,0.6337574124336243,0.71757572889328,0.8347022533416748,0.56894850730896,0.6337574124336243,0.71757572889328,0.878892719745636,0.7696969509124756
19,2339,29.816238403320312,28.354700088500977,29.7756404876709,29.41666603088379,-2.119276274470394e-07,3.378741502761841,0.03149361535906792,0.11187233775854111,0.38055628538131714,1.2694385051727295,0.11698663979768753,0.3889710605144501,,,,,,,,,,,,,,
20,2349,,,,,,,,,,,,,9.999999747378752e-05,9.999999747378752e-05,3.232564267818816e-06,,,,,,,,,,,
20,2399,,,,,,,,,,,,,9.999999747378752e-05,9.999999747378752e-05,3.232564267818816e-06,,,,,,,,,,,
20,2449,,,,,,,,,,,,,9.999999747378752e-05,9.999999747378752e-05,3.232564267818816e-06,,,,,,,,,,,
20,2456,,,,,,,,,,,,,,,,0.8231511116027832,0.8406009674072266,0.567513108253479,0.6268221139907837,0.7090908885002136,0.8406009674072266,0.567513108253479,0.6268221139907837,0.7090908885002136,0.8767123222351074,0.7757575511932373
20,2456,30.014957427978516,28.867521286010742,29.83333396911621,29.384614944458008,-2.445318898480764e-07,3.302466869354248,0.029498819261789322,0.1097797378897667,0.36755645275115967,1.244310975074768,0.11393827199935913,0.38316458463668823,,,,,,,,,,,,,,
21,2499,,,,,,,,,,,,,9.999999747378752e-05,9.999999747378752e-05,3.232564267818816e-06,,,,,,,,,,,
21,2549,,,,,,,,,,,,,9.999999747378752e-05,9.999999747378752e-05,3.232564267818816e-06,,,,,,,,,,,
21,2573,,,,,,,,,,,,,,,,0.8325358629226685,0.8385737538337708,0.5641618967056274,0.6103839874267578,0.7030302882194519,0.8385737538337708,0.5641618967056274,0.6103839874267578,0.7030302882194519,0.8787878751754761,0.7909091114997864
21,2573,29.831195831298828,28.700855255126953,29.679487228393555,29.408119201660156,0.21367496252059937,3.422992467880249,0.030459564179182053,0.11533955484628677,0.3729384243488312,1.2914222478866577,0.11681505292654037,0.39800283312797546,,,,,,,,,,,,,,
22,2599,,,,,,,,,,,,,9.999999747378752e-05,9.999999747378752e-05,3.232564267818816e-06,,,,,,,,,,,
22,2649,,,,,,,,,,,,,9.999999747378752e-05,9.999999747378752e-05,3.232564267818816e-06,,,,,,,,,,,
22,2690,,,,,,,,,,,,,,,,0.8209191560745239,0.8312147855758667,0.5545888543128967,0.5951335430145264,0.6975757479667664,0.8312147855758667,0.5545888543128967,0.5951335430145264,0.6975757479667664,0.8604651093482971,0.7848485112190247
22,2690,29.435897827148438,27.741453170776367,29.256410598754883,28.739316940307617,-2.2822975154213054e-07,3.360135078430176,0.029664557427167892,0.11384308338165283,0.3750419616699219,1.2621374130249023,0.11412933468818665,0.3885795772075653,,,,,,,,,,,,,,
23,2699,,,,,,,,,,,,,9.999999747378752e-05,9.999999747378752e-05,3.232564267818816e-06,,,,,,,,,,,
23,2749,,,,,,,,,,,,,9.999999747378752e-05,9.999999747378752e-05,3.232564267818816e-06,,,,,,,,,,,
23,2799,,,,,,,,,,,,,9.999999747378752e-05,9.999999747378752e-05,3.232564267818816e-06,,,,,,,,,,,
23,2807,,,,,,,,,,,,,,,,0.8135048151016235,0.8175469040870667,0.5584573149681091,0.5927242636680603,0.7042424082756042,0.8175469040870667,0.5584573149681091,0.5927242636680603,0.7042424082756042,0.8664383292198181,0.7666666507720947
23,2807,29.542734146118164,28.05128288269043,29.463674545288086,28.920940399169922,-1.7932337925685715e-07,3.487734317779541,0.03042623959481716,0.11864611506462097,0.37847161293029785,1.3181191682815552,0.11679498851299286,0.4060964286327362,,,,,,,,,,,,,,
24,2849,,,,,,,,,,,,,9.999999747378752e-05,9.999999747378752e-05,3.232564267818816e-06,,,,,,,,,,,
24,2899,,,,,,,,,,,,,9.999999747378752e-05,9.999999747378752e-05,3.232564267818816e-06,,,,,,,,,,,
24,2924,,,,,,,,,,,,,,,,0.8065040707588196,0.815319299697876,0.5606116056442261,0.5979607701301575,0.7048484683036804,0.815319299697876,0.5606116056442261,0.5979607701301575,0.7048484683036804,0.8701754212379456,0.7515151500701904
24,2924,30.25213623046875,29.08974266052246,30.33333396911621,29.985042572021484,-2.119276274470394e-07,3.212310314178467,0.028504563495516777,0.10680803656578064,0.35427939891815186,1.1949201822280884,0.11263813078403473,0.3806353509426117,,,,,,,,,,,,,,
25,2949,,,,,,,,,,,,,9.999999747378752e-05,9.999999747378752e-05,3.232564267818816e-06,,,,,,,,,,,
25,2999,,,,,,,,,,,,,9.999999747378752e-05,9.999999747378752e-05,3.232564267818816e-06,,,,,,,,,,,
25,3041,,,,,,,,,,,,,,,,0.8012820482254028,0.809319257736206,0.5529481172561646,0.5965018272399902,0.7063636183738708,0.809319257736206,0.5529481172561646,0.5965018272399902,0.7063636183738708,0.8503401279449463,0.7575757503509521
25,3041,30.145299911499023,29.16452980041504,30.0256404876709,29.602563858032227,0.002347832079976797,3.3187499046325684,0.029420357197523117,0.10855890810489655,0.37188196182250977,1.261263132095337,0.11464029550552368,0.3832132816314697,,,,,,,,,,,,,,
26,3049,,,,,,,,,,,,,9.999999747378752e-05,9.999999747378752e-05,3.232564267818816e-06,,,,,,,,,,,
26,3099,,,,,,,,,,,,,9.999999747378752e-05,9.999999747378752e-05,3.232564267818816e-06,,,,,,,,,,,
26,3149,,,,,,,,,,,,,9.999999747378752e-05,9.999999747378752e-05,3.232564267818816e-06,,,,,,,,,,,
26,3158,,,,,,,,,,,,,,,,0.8062499761581421,0.8079315423965454,0.5560675263404846,0.5890133380889893,0.70333331823349,0.8079315423965454,0.5560675263404846,0.5890133380889893,0.70333331823349,0.8322580456733704,0.7818182110786438
26,3158,30.36324691772461,28.97008514404297,30.100427627563477,29.55555534362793,-1.9562550335194828e-07,3.2036080360412598,0.027497168630361557,0.10671553760766983,0.3570162057876587,1.2037755250930786,0.11012434214353561,0.3757515549659729,,,,,,,,,,,,,,
27,3199,,,,,,,,,,,,,9.999999747378752e-05,9.999999747378752e-05,3.232564267818816e-06,,,,,,,,,,,
27,3249,,,,,,,,,,,,,9.999999747378752e-05,9.999999747378752e-05,3.232564267818816e-06,,,,,,,,,,,
27,3275,,,,,,,,,,,,,,,,0.805031418800354,0.8090938329696655,0.5540791153907776,0.5838665962219238,0.7042424082756042,0.8090938329696655,0.5540791153907776,0.5838665962219238,0.7042424082756042,0.8366013169288635,0.7757575511932373
27,3275,29.89316177368164,29.239316940307617,29.658119201660156,30.010683059692383,0.016436323523521423,3.0756285190582275,0.026843585073947906,0.10095135122537613,0.34256404638290405,1.1687935590744019,0.1053290069103241,0.3573187589645386,,,,,,,,,,,,,,
28,3299,,,,,,,,,,,,,9.999999747378752e-05,9.999999747378752e-05,3.232564267818816e-06,,,,,,,,,,,
28,3349,,,,,,,,,,,,,9.999999747378752e-05,9.999999747378752e-05,3.232564267818816e-06,,,,,,,,,,,
28,3392,,,,,,,,,,,,,,,,0.8108974099159241,0.8134878873825073,0.554455041885376,0.5946057438850403,0.7021211981773376,0.8134878873825073,0.554455041885376,0.5946057438850403,0.7021211981773376,0.8605442047119141,0.7666666507720947
28,3392,30.179487228393555,29.19658088684082,30.102563858032227,29.66452980041504,-2.445318898480764e-07,3.154737710952759,0.0265360064804554,0.10442864149808884,0.3488905429840088,1.1942124366760254,0.10760916024446487,0.37079691886901855,,,,,,,,,,,,,,
29,3399,,,,,,,,,,,,,9.999999747378752e-05,9.999999747378752e-05,3.232564267818816e-06,,,,,,,,,,,
29,3449,,,,,,,,,,,,,9.999999747378752e-05,9.999999747378752e-05,3.232564267818816e-06,,,,,,,,,,,
29,3499,,,,,,,,,,,,,9.999999747378752e-05,9.999999747378752e-05,3.232564267818816e-06,,,,,,,,,,,
29,3509,,,,,,,,,,,,,,,,0.8193548321723938,0.8200774192810059,0.5589904189109802,0.6001204252243042,0.7072727084159851,0.8200774192810059,0.5589904189109802,0.6001204252243042,0.7072727084159851,0.8758620619773865,0.7696969509124756
29,3509,30.185897827148438,29.2713680267334,29.985042572021484,29.85683822631836,-2.2822975154213054e-07,3.082484483718872,0.026679368689656258,0.10021562874317169,0.349128782749176,1.1814930438995361,0.10491245985031128,0.35378167033195496,,,,,,,,,,,,,,
30,3549,,,,,,,,,,,,,9.999999747378752e-05,9.999999747378752e-05,3.232564267818816e-06,,,,,,,,,,,
30,3599,,,,,,,,,,,,,9.999999747378752e-05,9.999999747378752e-05,3.232564267818816e-06,,,,,,,,,,,
30,3626,,,,,,,,,,,,,,,,0.8214285969734192,0.8224833011627197,0.5587549805641174,0.6040031909942627,0.7054545283317566,0.8224833011627197,0.5587549805641174,0.6040031909942627,0.7054545283317566,0.8846153616905212,0.7666666507720947
30,3626,30.25,29.132478713989258,30.16452980041504,29.935897827148438,0.0054786549881100655,3.164804220199585,0.026074888184666634,0.10624364763498306,0.3465864956378937,1.1950337886810303,0.10650871694087982,0.3742862343788147,,,,,,,,,,,,,,
31,3649,,,,,,,,,,,,,9.999999747378752e-05,9.999999747378752e-05,3.232564267818816e-06,,,,,,,,,,,
31,3699,,,,,,,,,,,,,9.999999747378752e-05,9.999999747378752e-05,3.232564267818816e-06,,,,,,,,,,,
31,3743,,,,,,,,,,,,,,,,0.8070739507675171,0.8197700381278992,0.5573174953460693,0.6077447533607483,0.7018181681632996,0.8197700381278992,0.5573174953460693,0.6077447533607483,0.7018181681632996,0.8595890402793884,0.760606050491333
31,3743,30.006410598754883,29.440170288085938,29.841880798339844,30.16239356994629,-1.9562550335194828e-07,3.1119110584259033,0.025897802785038948,0.10879136621952057,0.33431151509284973,1.1699912548065186,0.10261295735836029,0.3644673526287079,,,,,,,,,,,,,,
32,3749,,,,,,,,,,,,,9.999999747378752e-05,9.999999747378752e-05,3.232564267818816e-06,,,,,,,,,,,
32,3799,,,,,,,,,,,,,9.999999747378752e-05,9.999999747378752e-05,3.232564267818816e-06,,,,,,,,,,,
32,3849,,,,,,,,,,,,,9.999999747378752e-05,9.999999747378752e-05,3.232564267818816e-06,,,,,,,,,,,
32,3860,,,,,,,,,,,,,,,,0.8012718558311462,0.8207814693450928,0.5563461780548096,0.5935940146446228,0.7015151381492615,0.8207814693450928,0.5563461780548096,0.5935940146446228,0.7015151381492615,0.8428093791007996,0.7636363506317139
32,3860,29.677350997924805,28.989316940307617,29.702991485595703,29.679487228393555,-1.6302125516176602e-07,3.1504549980163574,0.02779676951467991,0.10741179436445236,0.3436446189880371,1.1809674501419067,0.10645441710948944,0.368446409702301,,,,,,,,,,,,,,
33,3899,,,,,,,,,,,,,9.999999747378752e-05,9.999999747378752e-05,3.232564267818816e-06,,,,,,,,,,,
33,3949,,,,,,,,,,,,,9.999999747378752e-05,9.999999747378752e-05,3.232564267818816e-06,,,,,,,,,,,
33,3977,,,,,,,,,,,,,,,,0.7888706922531128,0.8147875070571899,0.557025134563446,0.601567268371582,0.6975757479667664,0.8147875070571899,0.557025134563446,0.601567268371582,0.6975757479667664,0.8576512336730957,0.7303030490875244
33,3977,30.702991485595703,29.908119201660156,30.713674545288086,30.77777862548828,-2.445318898480764e-07,3.033214569091797,0.026463478803634644,0.1049780324101448,0.3372689187526703,1.134782075881958,0.10168369114398956,0.3502945899963379,,,,,,,,,,,,,,
34,3999,,,,,,,,,,,,,9.999999747378752e-05,9.999999747378752e-05,3.232564267818816e-06,,,,,,,,,,,
34,4049,,,,,,,,,,,,,9.999999747378752e-05,9.999999747378752e-05,3.232564267818816e-06,,,,,,,,,,,
34,4094,,,,,,,,,,,,,,,,0.801261842250824,0.8186192512512207,0.5559287071228027,0.6157046556472778,0.6881818175315857,0.8186192512512207,0.5559287071228027,0.6157046556472778,0.6881818175315857,0.8355262875556946,0.7696969509124756
34,4094,30.824787139892578,30.094017028808594,30.621795654296875,30.28418731689453,-2.2822975154213054e-07,3.142084836959839,0.0259895920753479,0.10720749199390411,0.34460434317588806,1.180539846420288,0.10487258434295654,0.370604008436203,,,,,,,,,,,,,,
35,4099,,,,,,,,,,,,,9.999999747378752e-05,9.999999747378752e-05,3.232564267818816e-06,,,,,,,,,,,
35,4149,,,,,,,,,,,,,9.999999747378752e-05,9.999999747378752e-05,3.232564267818816e-06,,,,,,,,,,,
35,4199,,,,,,,,,,,,,9.999999747378752e-05,9.999999747378752e-05,3.232564267818816e-06,,,,,,,,,,,
35,4211,,,,,,,,,,,,,,,,0.8090614676475525,0.8184419274330139,0.5532726049423218,0.6177705526351929,0.6912121176719666,0.8184419274330139,0.5532726049423218,0.6177705526351929,0.6912121176719666,0.8680555820465088,0.7575757503509521
35,4211,30.668804168701172,29.60683822631836,30.77991485595703,31.02350425720215,-2.2822975154213054e-07,2.96282958984375,0.02412566915154457,0.09853934496641159,0.3267677426338196,1.1265919208526611,0.09948226809501648,0.34858986735343933,,,,,,,,,,,,,,
36,4249,,,,,,,,,,,,,9.999999747378752e-05,9.999999747378752e-05,3.232564267818816e-06,,,,,,,,,,,
36,4299,,,,,,,,,,,,,9.999999747378752e-05,9.999999747378752e-05,3.232564267818816e-06,,,,,,,,,,,
36,4328,,,,,,,,,,,,,,,,0.8113207817077637,0.811439573764801,0.5486212372779846,0.598727822303772,0.6912121176719666,0.811439573764801,0.5486212372779846,0.598727822303772,0.6912121176719666,0.843137264251709,0.7818182110786438
36,4328,30.86111068725586,29.938034057617188,30.83333396911621,30.44658088684082,-1.9562550335194828e-07,2.8975749015808105,0.023637639358639717,0.09532163292169571,0.3213084638118744,1.1056255102157593,0.09753064811229706,0.3403919041156769,,,,,,,,,,,,,,
37,4349,,,,,,,,,,,,,9.999999747378752e-05,9.999999747378752e-05,3.232564267818816e-06,,,,,,,,,,,
37,4399,,,,,,,,,,,,,9.999999747378752e-05,9.999999747378752e-05,3.232564267818816e-06,,,,,,,,,,,
37,4445,,,,,,,,,,,,,,,,0.8058252334594727,0.8085682392120361,0.5493865609169006,0.6102812886238098,0.6954545378684998,0.8085682392120361,0.5493865609169006,0.6102812886238098,0.6954545378684998,0.8645833134651184,0.7545454502105713
37,4445,30.367521286010742,29.952991485595703,30.463674545288086,30.14316177368164,-1.9562550335194828e-07,2.8661446571350098,0.023524286225438118,0.0940069854259491,0.32273703813552856,1.097084403038025,0.09617992490530014,0.33315378427505493,,,,,,,,,,,,,,
38,4449,,,,,,,,,,,,,9.999999747378752e-05,9.999999747378752e-05,3.232564267818816e-06,,,,,,,,,,,
38,4499,,,,,,,,,,,,,9.999999747378752e-05,9.999999747378752e-05,3.232564267818816e-06,,,,,,,,,,,
38,4549,,,,,,,,,,,,,9.999999747378752e-05,9.999999747378752e-05,3.232564267818816e-06,,,,,,,,,,,
38,4562,,,,,,,,,,,,,,,,0.8111658692359924,0.8165964484214783,0.5563594102859497,0.6089779734611511,0.7036363482475281,0.8165964484214783,0.5563594102859497,0.6089779734611511,0.7036363482475281,0.8853046298027039,0.7484848499298096
38,4562,30.865385055541992,30.100427627563477,30.58760643005371,30.329059600830078,0.0016434498829767108,2.878787040710449,0.02485497295856476,0.09742885082960129,0.3221067488193512,1.0885564088821411,0.09599929302930832,0.3323529362678528,,,,,,,,,,,,,,
39,4599,,,,,,,,,,,,,9.999999747378752e-05,9.999999747378752e-05,3.232564267818816e-06,,,,,,,,,,,
39,4649,,,,,,,,,,,,,9.999999747378752e-05,9.999999747378752e-05,3.232564267818816e-06,,,,,,,,,,,
39,4679,,,,,,,,,,,,,,,,0.8131868243217468,0.8271181583404541,0.557592511177063,0.6136989593505859,0.7045454382896423,0.8271181583404541,0.557592511177063,0.6136989593505859,0.7045454382896423,0.8436481952667236,0.7848485112190247
39,4679,31.08333396911621,30.05555534362793,30.963674545288086,30.97222137451172,-2.119276274470394e-07,2.928633451461792,0.024157458916306496,0.09882297366857529,0.3173679709434509,1.1072161197662354,0.09855224192142487,0.34602099657058716,,,,,,,,,,,,,,
40,4699,,,,,,,,,,,,,9.999999747378752e-05,9.999999747378752e-05,3.232564267818816e-06,,,,,,,,,,,
40,4749,,,,,,,,,,,,,9.999999747378752e-05,9.999999747378752e-05,3.232564267818816e-06,,,,,,,,,,,
40,4796,,,,,,,,,,,,,,,,0.7987220287322998,0.8113809823989868,0.555618166923523,0.6128391027450562,0.7021211981773376,0.8113809823989868,0.555618166923523,0.6128391027450562,0.7021211981773376,0.8445945978164673,0.7575757503509521
40,4796,30.401708602905273,29.871795654296875,30.267093658447266,30.290597915649414,-2.2822975154213054e-07,2.907823085784912,0.024154704064130783,0.09904638677835464,0.31682002544403076,1.0932601690292358,0.09682001918554306,0.3440486490726471,,,,,,,,,,,,,,
41,4799,,,,,,,,,,,,,9.999999747378752e-05,9.999999747378752e-05,3.232564267818816e-06,,,,,,,,,,,
41,4849,,,,,,,,,,,,,9.999999747378752e-05,9.999999747378752e-05,3.232564267818816e-06,,,,,,,,,,,
41,4899,,,,,,,,,,,,,9.999999747378752e-05,9.999999747378752e-05,3.232564267818816e-06,,,,,,,,,,,
41,4913,,,,,,,,,,,,,,,,0.8203497529029846,0.8265617489814758,0.5598767399787903,0.6141011118888855,0.7024242281913757,0.8265617489814758,0.5598767399787903,0.6141011118888855,0.7024242281913757,0.8628762364387512,0.7818182110786438
41,4913,30.876068115234375,29.80128288269043,30.71794891357422,30.66025733947754,-2.2822975154213054e-07,2.8013336658477783,0.02301078848540783,0.09215012937784195,0.3102772831916809,1.0737985372543335,0.09325221180915833,0.3274747133255005,,,,,,,,,,,,,,
42,4949,,,,,,,,,,,,,9.999999747378752e-05,9.999999747378752e-05,3.232564267818816e-06,,,,,,,,,,,
42,4999,,,,,,,,,,,,,9.999999747378752e-05,9.999999747378752e-05,3.232564267818816e-06,,,,,,,,,,,
42,5030,,,,,,,,,,,,,,,,0.8229665160179138,0.8318370580673218,0.5651333332061768,0.6109341979026794,0.7127272486686707,0.8318370580673218,0.5651333332061768,0.6109341979026794,0.7127272486686707,0.868686854839325,0.7818182110786438
42,5030,30.403846740722656,29.955127716064453,30.294872283935547,30.309829711914062,-1.9562550335194828e-07,2.684544801712036,0.022152135148644447,0.08754569292068481,0.30097803473472595,1.0156327486038208,0.09225405752658844,0.31746846437454224,,,,,,,,,,,,,,
43,5049,,,,,,,,,,,,,9.999999747378752e-05,9.999999747378752e-05,3.232564267818816e-06,,,,,,,,,,,
43,5099,,,,,,,,,,,,,9.999999747378752e-05,9.999999747378752e-05,3.232564267818816e-06,,,,,,,,,,,
43,5147,,,,,,,,,,,,,,,,0.8214849829673767,0.8260924816131592,0.5563838481903076,0.6086414456367493,0.7015151381492615,0.8260924816131592,0.5563838481903076,0.6086414456367493,0.7015151381492615,0.8580858111381531,0.7878788113594055
43,5147,30.658119201660156,30.177350997924805,30.615385055541992,30.433761596679688,-2.119276274470394e-07,2.6947991847991943,0.023022785782814026,0.08852989971637726,0.30285006761550903,1.0250087976455688,0.0912809893488884,0.31330710649490356,,,,,,,,,,,,,,
44,5149,,,,,,,,,,,,,9.999999747378752e-05,9.999999747378752e-05,3.232564267818816e-06,,,,,,,,,,,
44,5199,,,,,,,,,,,,,9.999999747378752e-05,9.999999747378752e-05,3.232564267818816e-06,,,,,,,,,,,
44,5249,,,,,,,,,,,,,9.999999747378752e-05,9.999999747378752e-05,3.232564267818816e-06,,,,,,,,,,,
44,5264,,,,,,,,,,,,,,,,0.8107255697250366,0.8215785622596741,0.5556166172027588,0.6087102293968201,0.6981818079948425,0.8215785622596741,0.5556166172027588,0.6087102293968201,0.6981818079948425,0.8453947305679321,0.7787878513336182
44,5264,30.811965942382812,30.52777862548828,30.743589401245117,30.46794891357422,-2.119276274470394e-07,2.659728527069092,0.021932318806648254,0.08626948297023773,0.3005581498146057,1.02645742893219,0.08852702379226685,0.30732443928718567,,,,,,,,,,,,,,
45,5299,,,,,,,,,,,,,9.999999747378752e-05,9.999999747378752e-05,3.232564267818816e-06,,,,,,,,,,,
45,5349,,,,,,,,,,,,,9.999999747378752e-05,9.999999747378752e-05,3.232564267818816e-06,,,,,,,,,,,
45,5381,,,,,,,,,,,,,,,,0.8119122385978699,0.8307158946990967,0.5626903772354126,0.6106190085411072,0.70333331823349,0.8307158946990967,0.5626903772354126,0.6106190085411072,0.70333331823349,0.8409090638160706,0.7848485112190247
45,5381,30.83333396911621,30.35897445678711,30.97008514404297,30.617521286010742,-2.119276274470394e-07,2.678931951522827,0.02168695069849491,0.08594507724046707,0.3024233281612396,1.032318115234375,0.09045246988534927,0.31256183981895447,,,,,,,,,,,,,,
46,5399,,,,,,,,,,,,,9.999999747378752e-05,9.999999747378752e-05,3.232564267818816e-06,,,,,,,,,,,
46,5449,,,,,,,,,,,,,9.999999747378752e-05,9.999999747378752e-05,3.232564267818816e-06,,,,,,,,,,,
46,5498,,,,,,,,,,,,,,,,0.7993680834770203,0.8309205770492554,0.5628096461296082,0.623978853225708,0.7006060481071472,0.8309205770492554,0.5628096461296082,0.623978853225708,0.7006060481071472,0.8349835276603699,0.7666666507720947
46,5498,31.168804168701172,30.418804168701172,31.012821197509766,30.96581268310547,0.0032871116418391466,2.656294822692871,0.02090756595134735,0.08454521745443344,0.2950124740600586,1.029746174812317,0.08991352468729019,0.3122234046459198,,,,,,,,,,,,,,
47,5499,,,,,,,,,,,,,9.999999747378752e-05,9.999999747378752e-05,3.232564267818816e-06,,,,,,,,,,,
47,5549,,,,,,,,,,,,,9.999999747378752e-05,9.999999747378752e-05,3.232564267818816e-06,,,,,,,,,,,
47,5599,,,,,,,,,,,,,9.999999747378752e-05,9.999999747378752e-05,3.232564267818816e-06,,,,,,,,,,,
47,5615,,,,,,,,,,,,,,,,0.801232635974884,0.8200405240058899,0.5547081232070923,0.5969115495681763,0.6921212077140808,0.8200405240058899,0.5547081232070923,0.5969115495681763,0.6921212077140808,0.815047025680542,0.7878788113594055
47,5615,31.350427627563477,30.514957427978516,31.309829711914062,31.019229888916016,-2.2822975154213054e-07,2.574199676513672,0.02094370871782303,0.0827597975730896,0.28969424962997437,0.9991524815559387,0.08539673686027527,0.29802191257476807,,,,,,,,,,,,,,
48,5649,,,,,,,,,,,,,9.999999747378752e-05,9.999999747378752e-05,3.232564267818816e-06,,,,,,,,,,,
48,5699,,,,,,,,,,,,,9.999999747378752e-05,9.999999747378752e-05,3.232564267818816e-06,,,,,,,,,,,
48,5732,,,,,,,,,,,,,,,,0.812199056148529,0.8195505738258362,0.5581286549568176,0.6120915412902832,0.696363627910614,0.8195505738258362,0.5581286549568176,0.6120915412902832,0.696363627910614,0.8634812235832214,0.7666666507720947
48,5732,31.41666603088379,30.75213623046875,31.294872283935547,30.918804168701172,-2.119276274470394e-07,2.6429247856140137,0.021145619451999664,0.08577267080545425,0.2980932593345642,1.0336177349090576,0.08622197061777115,0.3020889163017273,,,,,,,,,,,,,,
49,5749,,,,,,,,,,,,,9.999999747378752e-05,9.999999747378752e-05,3.232564267818816e-06,,,,,,,,,,,
49,5799,,,,,,,,,,,,,9.999999747378752e-05,9.999999747378752e-05,3.232564267818816e-06,,,,,,,,,,,
49,5849,,,,,,,,,,,,,9.999999747378752e-05,9.999999747378752e-05,3.232564267818816e-06,,,,,,,,,,,
49,5849,,,,,,,,,,,,,,,,0.807131290435791,0.8174124360084534,0.5567062497138977,0.6113300323486328,0.6990908980369568,0.8174124360084534,0.5567062497138977,0.6113300323486328,0.6990908980369568,0.8675957918167114,0.7545454502105713
49,5849,30.77991485595703,30.401708602905273,30.730770111083984,30.97222137451172,0.21367502212524414,2.770475387573242,0.02246650494635105,0.09201806783676147,0.3081790804862976,1.053455114364624,0.09240907430648804,0.3258002698421478,,,,,,,,,,,,,,
